{
  "scheme": "rk4",
  "grid": 256,
  "dt": 0.0005,
  "cfl": {},
  "norms": {
    "L2": [
      0.4210052079134836,
      0.42090004237174605,
      0.4207950080088181,
      0.420690104530554,
      0.4205853316437603,
      0.4204806890561906,
      0.4203761764765426,
      0.4202717936144529,
      0.42016754018049396,
      0.42006341588616986,
      0.41995942044391216,
      0.4198555535670763,
      0.41975181496993774,
      0.4196482043676878,
      0.41954472147643007,
      0.41944136601317655,
      0.4193381376958437,
      0.4192350362432491,
      0.4191320613751071,
      0.41902921281202554,
      0.4189264902755017,
      0.41882389348791893,
      0.4187214221725428,
      0.4186190760535174,
      0.41851685485586154,
      0.4184147583054657,
      0.4183127861290878,
      0.4182109380543499,
      0.41810921380973465,
      0.41800761312458173,
      0.4179061357290841,
      0.4178047813542847,
      0.4177035497320732,
      0.41760244059518176,
      0.4175014536771823,
      0.4174005887124828,
      0.4172998454363239,
      0.41719922358477535,
      0.41709872289473265,
      0.41699834310391415,
      0.4168980839508567,
      0.4167979451749135,
      0.4166979265162497,
      0.4165980277158398,
      0.4164982485154643,
      0.4163985886577058,
      0.4162990478859466,
      0.416199625944365,
      0.41610032257793184,
      0.41600113753240797,
      0.4159020705543404,
      0.41580312139105957,
      0.415704289790676,
      0.4156055755020769,
      0.41550697827492356,
      0.41540849785964795,
      0.41531013400744954,
      0.41521188647029245,
      0.4151137550009021,
      0.4150157393527624,
      0.41491783928011267,
      0.4148200545379444,
      0.41472238488199853,
      0.4146248300687624,
      0.4145273898554665,
      0.4144300640000819,
      0.4143328522613171,
      0.414235754398615,
      0.4141387701721501,
      0.4140418993428258,
      0.41394514167227103,
      0.4138484969228377,
      0.41375196485759785,
      0.4136555452403407,
      0.41355923783556975,
      0.4134630424085002,
      0.41336695872505574,
      0.4132709865518663,
      0.41317512565626474,
      0.4130793758062844,
      0.41298373677065636,
      0.4128882083188064,
      0.4127927902208526,
      0.41269748224760255,
      0.41260228417055034,
      0.4125071957618745,
      0.4124122167944347,
      0.4123173470417693,
      0.412222586278093,
      0.41212793427829375,
      0.41203339081793044,
      0.41193895567323,
      0.41184462862108506,
      0.4117504094390515,
      0.41165629790534536,
      0.41156229379884063,
      0.4114683968990667,
      0.41137460698620587,
      0.4112809238410905,
      0.4111873472452009,
      0.4110938769806626
    ]
  },
  "extras": {
    "elapsed_s": 0.004104
  }
}